Id,Predict
0,1 12 13 15 17 26 30 32 35 38 41 47 49 52 68 70 75 80 85 87 89 90 91 93 94 95 98 
1,10 11 15 20 24 27 30 38 41 44 47 55 58 61 71 75 80 81 84 85 86 89 91 94 95 99 
2,11 14 20 21 30 41 42 49 53 54 56 61 64 69 72 74 81 84 91 95 96 98 
3,0 1 5 6 12 19 23 26 30 31 37 39 50 51 58 62 65 66 68 71 77 78 79 95 98 99 
4,1 5 6 17 26 30 32 37 38 41 42 44 47 49 63 68 70 73 75 80 81 82 91 95 99 
5,1 20 25 27 30 39 41 47 58 61 65 68 75 80 81 84 91 92 94 
6,0 5 6 15 16 19 24 30 31 34 37 42 45 48 50 51 53 62 64 71 72 79 81 83 93 
7,0 1 12 19 23 30 31 34 37 48 50 51 54 62 68 71 73 77 78 79 83 92 95 99 
8,5 10 21 27 30 39 41 47 53 56 64 72 75 80 84 85 87 98 99 
9,5 15 27 34 35 38 39 41 44 47 55 56 69 71 75 76 77 80 87 91 
10,18 20 26 29 30 32 38 39 41 44 47 49 53 55 58 61 64 73 75 80 81 84 85 91 98 
11,7 12 16 17 19 20 22 33 37 41 43 49 51 53 66 77 84 91 95 99 
12,1 10 15 17 27 30 41 44 46 47 53 66 68 71 75 77 80 91 94 95 
13,8 9 12 13 14 16 18 24 26 29 30 39 41 42 44 45 46 49 54 56 64 67 68 71 74 93 94 95 99 
14,1 6 8 10 15 30 35 38 41 47 49 52 53 54 56 58 62 64 65 66 68 70 72 75 77 80 85 87 89 91 99 
15,9 12 15 18 20 27 29 30 34 37 41 44 47 63 64 65 71 75 76 77 80 82 84 87 88 
16,3 16 20 22 24 27 29 30 41 45 49 52 61 74 84 88 
17,3 10 11 30 39 41 42 43 45 49 54 55 59 61 63 68 73 74 76 77 81 82 84 89 95 96 98 
18,0 3 5 6 11 16 19 26 29 30 34 37 39 41 42 43 44 50 51 53 55 62 63 64 68 71 72 73 74 76 78 89 93 98 
19,15 18 23 26 35 41 46 47 49 53 61 64 68 75 80 81 82 91 94 98 99 
20,0 1 6 7 12 17 19 31 37 48 49 50 51 62 66 68 71 77 78 86 95 98 
21,1 3 10 16 17 18 20 26 30 41 43 49 53 56 64 68 74 84 89 91 93 95 98 
22,12 30 38 39 41 45 51 54 61 64 74 90 91 96 97 99 
23,5 6 9 12 15 18 25 35 36 41 44 47 49 50 63 64 70 75 80 81 91 94 95 96 99 
24,6 12 19 20 23 26 29 30 37 39 42 50 51 58 62 71 75 78 80 83 87 95 98 99 
25,0 1 6 7 19 23 29 31 34 37 42 47 50 63 68 71 72 73 75 76 78 79 80 83 85 87 89 98 
26,5 11 20 23 25 28 30 32 39 44 47 49 55 56 64 71 75 80 81 84 91 97 98 99 
27,0 3 5 6 8 10 11 13 16 19 24 26 31 33 43 46 49 50 51 53 56 59 60 62 63 68 74 78 79 89 94 96 98 
28,12 15 16 21 22 49 53 56 61 63 64 68 72 73 79 81 93 94 95 97 98 
29,0 1 6 7 9 18 21 23 24 25 26 37 42 47 48 50 51 58 62 64 65 68 71 74 77 78 79 80 82 99 
30,0 6 7 9 15 18 19 23 27 31 37 39 47 50 51 64 71 75 78 79 80 81 82 89 
31,10 12 17 20 26 28 30 37 38 41 44 47 48 49 56 61 71 75 80 81 86 89 91 95 98 
32,3 8 11 12 16 28 30 39 41 44 49 52 59 64 69 74 75 86 89 91 93 95 99 
33,1 10 12 26 30 38 41 48 49 51 68 74 77 84 91 92 95 
34,5 19 23 27 29 38 39 41 47 51 56 58 59 61 69 75 80 87 91 
35,0 5 6 19 23 29 34 37 39 41 42 47 50 51 53 58 66 71 75 76 78 79 81 82 96 98 99 
36,5 13 18 26 27 30 38 39 41 42 47 49 53 63 64 68 72 73 75 76 80 81 82 85 91 94 95 98 
37,0 6 23 26 27 32 34 37 41 42 47 50 51 58 62 66 71 75 78 80 81 98 
38,1 10 18 26 27 37 38 41 44 47 51 53 58 64 65 66 68 71 80 91 94 
39,0 6 7 19 23 32 34 37 39 42 45 47 50 51 53 54 66 78 82 85 94 96 99 
40,5 11 15 27 30 32 36 39 41 44 47 67 71 80 85 88 94 
41,2 12 17 23 26 30 32 38 41 47 49 53 58 61 75 76 80 87 91 95 97 98 99 
42,15 18 20 30 32 38 39 41 44 49 52 53 54 55 61 64 71 73 75 80 81 84 85 89 91 94 96 98 
43,3 11 15 16 20 30 34 36 38 41 49 55 60 61 65 69 73 74 75 77 81 84 91 95 97 98 
44,17 20 26 30 39 41 47 49 53 56 64 75 80 81 84 88 98 
45,3 5 11 16 18 20 26 29 41 42 43 44 46 49 53 61 64 71 74 83 84 86 91 93 98 99 
46,1 5 7 19 26 27 29 37 38 39 41 44 51 54 56 61 67 71 74 77 81 88 91 
47,1 16 17 18 20 25 30 41 45 61 64 74 77 84 88 92 93 96 
48,4 5 18 20 27 32 38 39 41 47 49 53 55 57 58 64 75 79 80 81 84 85 91 94 97 99 
49,0 1 5 6 19 21 23 25 29 31 39 47 50 51 52 62 63 68 71 74 75 76 79 87 89 95 98 
50,0 6 11 12 17 19 23 29 31 33 34 37 42 48 50 51 58 62 77 78 79 83 85 95 98 99 
51,3 17 20 30 37 38 39 41 45 46 47 53 55 64 70 72 74 81 84 86 87 91 98 
52,3 4 5 10 11 18 20 30 41 49 53 55 61 64 76 81 82 84 89 91 94 96 98 
53,0 1 6 12 19 21 23 26 27 29 34 37 39 42 47 51 52 56 59 62 68 71 75 76 78 79 80 81 83 95 99 
54,32 38 39 44 47 49 50 54 61 62 64 71 75 80 81 95 99 
55,0 5 6 19 23 29 31 34 37 39 42 45 50 51 62 71 72 75 78 81 88 95 
56,3 20 41 44 45 61 64 71 72 74 84 
57,0 6 7 8 12 18 19 23 29 33 34 42 47 50 51 54 62 64 66 71 75 78 87 94 95 99 
58,9 16 20 35 41 43 45 46 49 50 56 61 63 64 66 68 76 81 84 88 90 91 93 95 96 
59,1 23 24 27 28 30 39 41 47 53 58 64 68 79 80 85 86 89 91 94 98 
60,3 12 13 18 20 38 39 49 53 56 58 59 60 64 74 77 84 91 95 99 
61,3 11 16 20 22 24 45 49 58 66 74 81 84 91 93 97 
62,13 16 18 20 22 25 30 41 44 45 53 58 61 63 64 66 68 71 72 74 77 81 84 87 88 
63,5 8 12 20 25 26 30 32 41 42 47 49 52 55 61 68 72 75 80 81 83 84 85 86 91 92 95 99 
64,15 18 24 26 27 30 32 34 38 39 41 47 61 75 80 85 86 87 89 91 97 
65,1 8 12 13 26 27 30 32 38 49 52 53 56 68 69 75 80 85 87 91 95 98 
66,10 15 16 20 30 41 43 49 53 54 61 74 77 82 84 99 
67,3 9 15 16 18 20 30 37 41 43 44 45 64 71 74 81 84 91 93 96 
68,1 5 8 12 13 15 18 22 29 30 35 38 41 42 43 49 53 61 64 72 74 77 87 91 95 99 
69,18 38 39 45 53 56 58 59 61 64 69 74 75 81 91 94 98 
70,0 1 6 7 15 18 19 23 25 27 30 31 37 44 47 50 51 56 62 63 64 68 75 78 79 81 97 
71,23 27 30 34 38 39 41 46 49 53 54 64 74 77 80 91 95 96 98 
72,13 18 24 26 30 38 41 43 44 49 50 53 56 61 64 66 68 71 74 75 81 83 90 91 95 99 
73,0 1 6 7 18 19 23 27 29 31 34 37 48 51 53 54 56 58 62 64 65 66 69 71 76 77 78 81 88 98 
74,0 5 6 13 19 23 26 27 29 34 38 42 51 71 72 73 77 78 79 82 85 98 
75,1 23 26 27 34 38 39 41 46 53 58 68 74 80 85 87 91 95 98 
76,12 18 20 21 30 38 41 47 49 53 55 63 64 68 74 75 80 81 84 91 95 99 
77,0 3 5 6 11 17 18 19 26 38 42 43 48 50 51 53 54 60 62 64 71 72 74 78 79 81 83 95 99 
78,0 6 18 19 23 26 32 34 37 42 50 51 52 53 62 64 71 78 85 98 
79,14 15 16 22 38 45 47 49 53 61 67 83 88 91 93 96 
80,12 26 30 32 36 41 47 48 49 54 56 61 73 75 80 83 87 95 99 
81,11 15 18 20 25 26 27 30 32 39 41 47 54 64 66 75 80 81 84 86 88 89 96 97 
82,12 22 24 26 30 38 49 62 63 68 74 77 82 83 91 95 98 
83,3 4 6 11 12 17 20 30 38 41 49 53 64 66 77 81 84 91 95 99 
84,4 5 8 18 30 32 39 41 42 44 47 49 53 57 64 72 73 75 80 81 85 96 98 
85,3 10 18 20 22 26 38 43 44 45 52 53 56 61 64 71 74 77 81 82 84 
86,5 12 13 23 30 38 41 42 44 47 49 56 61 71 75 80 83 84 87 89 91 95 96 98 
87,8 9 11 18 26 29 30 38 39 45 64 68 74 81 83 89 91 
88,1 20 30 37 38 41 47 49 51 52 53 64 67 68 73 75 77 79 80 84 87 88 91 94 95 96 97 98 
89,1 7 9 11 16 18 22 25 30 36 39 43 44 46 49 50 52 59 60 63 64 65 74 76 81 89 91 93 95 96 98 
90,1 15 18 26 27 34 35 37 48 50 64 75 77 80 81 85 95 
91,1 7 20 27 29 37 47 48 55 60 63 66 75 80 84 85 89 96 
92,12 26 38 47 49 75 80 85 90 91 94 95 99 
93,6 11 14 15 18 35 37 39 41 44 47 49 53 54 64 70 71 75 80 85 91 94 95 97 98 
94,14 18 23 25 26 30 37 38 39 41 49 53 61 64 65 66 68 74 77 82 91 95 98 99 
95,1 3 10 12 15 17 28 30 32 38 39 44 45 53 61 62 64 68 73 74 75 77 86 89 91 94 99 
96,2 5 7 11 18 22 26 28 30 32 38 42 46 49 52 53 61 64 72 73 74 77 82 89 91 99 
97,3 7 11 20 39 48 49 53 56 60 61 74 81 83 84 89 92 98 
98,1 8 18 25 27 30 41 44 47 53 61 64 68 75 80 81 82 88 
99,1 6 15 16 30 34 41 49 55 56 63 70 74 75 98 
100,1 11 12 17 23 26 30 34 38 39 41 49 53 54 63 68 69 76 77 80 81 91 95 98 99 
101,7 26 27 30 41 49 52 53 56 58 64 67 80 85 91 
102,0 1 6 19 23 24 27 30 34 37 43 47 50 51 53 62 66 71 75 78 79 80 85 
103,4 5 17 20 26 28 29 30 41 44 47 49 53 59 60 61 66 71 75 80 84 85 91 99 
104,15 20 24 25 26 27 30 32 34 40 41 48 52 53 58 63 65 70 75 80 82 83 84 87 91 95 97 
105,3 11 12 18 20 22 38 44 49 53 55 64 71 74 77 83 84 91 95 
106,8 12 17 18 20 25 27 30 39 41 47 53 54 56 61 64 67 75 76 80 81 82 84 96 99 
107,12 13 31 36 38 39 41 43 44 49 61 71 74 77 91 95 99 
108,12 13 18 26 32 38 41 44 49 53 56 59 64 68 69 71 73 75 80 83 87 91 95 99 
109,1 15 16 17 30 35 37 39 41 43 49 54 61 68 72 74 79 89 91 93 94 99 
110,5 18 27 29 30 41 44 47 49 53 56 63 64 68 70 75 79 80 85 90 99 
111,0 6 7 17 19 23 30 31 32 34 37 39 42 50 51 53 54 62 71 78 79 85 96 98 
112,16 25 30 41 44 49 53 66 69 75 80 87 91 98 
113,1 5 8 17 20 27 28 41 44 47 54 64 75 77 80 85 87 95 
114,11 27 29 32 47 60 61 63 75 80 85 87 
115,5 9 10 12 20 27 30 38 41 44 45 47 49 54 56 69 71 75 80 84 85 91 94 95 99 
116,18 25 26 27 29 30 32 39 41 47 53 56 58 61 64 75 80 81 88 92 94 97 
117,0 5 7 16 19 23 34 37 42 45 46 50 78 79 93 96 
118,5 6 14 15 18 20 30 38 39 40 41 42 44 47 49 52 53 54 55 61 64 70 72 73 75 80 81 82 84 85 86 89 91 98 
119,5 12 18 20 21 30 37 38 39 41 47 49 52 55 56 63 64 68 73 74 75 79 80 81 84 88 91 95 96 98 
120,1 3 7 8 11 17 18 20 22 30 39 44 49 51 53 56 64 73 74 77 81 84 95 
121,10 12 15 20 27 30 32 34 38 41 47 55 75 77 80 81 83 84 91 
122,0 3 5 6 11 12 15 16 19 24 34 37 51 56 76 77 81 82 86 90 94 95 99 
123,4 10 18 26 27 29 38 41 53 62 64 67 77 80 91 
124,4 15 20 25 30 32 34 40 41 44 47 49 51 53 55 65 71 75 80 81 82 84 86 94 97 99 
125,1 5 15 17 18 25 26 27 30 34 41 42 44 46 47 49 53 61 62 63 64 72 75 80 81 85 95 99 
126,7 15 18 20 34 38 44 46 47 49 51 53 60 64 75 80 81 84 85 89 91 94 96 98 
127,21 27 30 32 38 41 44 47 52 63 64 68 74 75 80 81 85 88 91 92 93 96 
128,1 5 12 23 27 29 30 37 39 40 41 47 58 61 68 72 75 76 80 82 85 87 88 95 
129,1 3 5 6 11 14 20 30 38 39 41 42 43 46 49 50 52 53 56 61 63 64 68 70 72 84 89 90 91 95 98 
130,5 9 15 17 20 26 28 30 38 39 41 42 47 49 52 61 62 64 72 73 75 80 84 85 87 89 91 92 98 
131,0 6 19 23 25 27 31 33 46 47 49 50 51 62 63 71 75 78 87 97 
132,9 15 17 27 29 30 38 39 41 47 49 57 59 66 69 80 81 84 91 
133,1 5 17 20 21 27 30 32 38 39 41 46 47 74 75 80 82 84 85 87 88 91 96 97 
134,0 6 9 19 23 25 30 33 34 42 45 47 50 51 55 62 63 78 85 86 98 99 
135,0 6 7 8 23 24 26 27 31 34 38 40 42 47 50 51 53 62 65 68 71 75 77 78 82 87 
136,13 18 26 30 32 41 46 48 49 53 61 64 67 75 80 81 99 
137,5 10 11 12 24 36 38 42 43 44 46 49 52 53 59 60 64 69 71 72 74 77 81 91 94 95 99 
138,15 18 25 27 30 34 44 47 52 53 64 65 70 71 75 80 81 82 91 
139,1 5 7 16 19 26 44 45 49 51 53 57 63 68 71 78 81 83 91 93 94 98 
140,7 12 13 15 25 30 34 38 39 40 41 48 49 51 52 55 73 75 79 80 81 82 91 94 95 99 
141,3 14 15 16 18 20 27 30 34 41 46 49 53 61 63 64 65 73 74 84 86 87 89 91 93 97 
142,1 5 8 12 13 20 23 24 26 27 32 42 49 61 68 75 80 83 84 87 95 98 99 
143,1 5 9 11 16 17 19 20 22 28 30 42 43 49 52 60 61 73 81 86 91 93 95 
144,6 20 22 36 38 43 45 53 61 70 72 74 77 81 83 87 89 91 94 
145,9 18 20 23 26 27 30 37 38 41 49 50 64 75 77 80 81 84 91 92 98 
146,1 4 5 19 23 25 30 37 39 41 42 44 49 52 53 64 65 67 68 72 73 77 79 82 91 96 
147,0 5 6 12 19 23 26 30 31 32 34 37 42 48 50 51 52 53 62 71 78 87 93 95 99 
148,13 15 20 26 30 34 38 41 49 75 79 80 84 87 91 99 
149,5 23 27 30 32 38 41 53 61 63 64 68 72 77 80 81 88 91 98 
150,1 7 26 27 30 32 38 41 46 51 54 56 58 63 68 69 75 80 87 91 
151,11 12 14 16 18 20 37 41 49 53 63 64 73 74 81 84 93 95 97 98 
152,14 15 23 24 26 27 29 30 35 38 41 47 52 59 61 75 80 85 87 91 94 98 
153,8 9 15 17 18 27 30 34 38 39 41 47 49 63 64 65 75 77 80 91 94 95 97 
154,0 6 7 18 23 27 32 37 47 50 51 64 65 71 72 74 75 78 79 81 82 85 
155,7 10 15 18 25 30 32 37 41 44 47 49 52 53 54 56 59 60 64 65 71 75 76 80 82 83 87 91 98 
156,1 11 13 15 16 22 26 30 34 39 41 45 46 49 64 66 74 81 90 91 93 98 
157,0 4 19 23 25 26 27 31 34 39 46 47 50 51 53 59 62 64 69 71 75 78 79 80 87 91 
158,10 12 15 16 26 35 36 38 43 49 52 53 61 64 74 77 83 89 91 94 95 98 
159,4 12 20 25 30 32 39 41 47 49 63 66 67 68 75 80 82 84 85 87 91 95 
160,8 13 30 39 41 45 52 56 58 65 67 74 77 94 
161,5 9 18 21 25 30 41 45 47 49 61 63 64 67 72 73 74 75 80 87 95 96 98 
162,10 15 20 23 27 34 35 36 37 44 46 47 49 52 59 60 64 75 80 84 85 87 89 92 95 98 
163,0 5 6 19 23 26 30 34 37 42 47 50 51 62 68 71 77 78 79 80 81 85 98 99 
164,1 5 6 12 14 24 30 38 39 41 42 46 47 49 50 53 61 63 68 70 72 75 80 85 87 89 90 91 95 98 
165,23 26 29 30 32 38 41 43 48 58 74 77 82 85 91 98 
166,5 6 8 12 14 17 18 20 30 38 41 42 47 49 63 64 68 72 77 80 82 84 85 91 92 95 
167,0 3 6 10 18 23 30 34 35 37 43 50 51 55 56 62 63 64 67 68 71 78 79 93 94 95 
168,7 18 19 25 27 30 37 41 44 47 51 53 64 75 80 85 87 88 91 
169,0 1 6 7 11 12 18 19 32 34 37 39 42 50 51 53 64 71 77 78 79 82 83 94 95 99 
170,12 15 16 18 20 26 34 36 38 41 43 49 53 61 62 63 64 65 73 74 79 84 86 91 93 95 98 
171,1 3 20 30 38 39 41 49 52 53 55 56 61 77 82 84 91 95 96 97 98 
172,18 20 26 27 30 32 39 41 44 47 53 54 55 57 64 75 76 80 84 85 88 89 96 97 
173,5 10 16 20 30 39 41 45 61 63 68 72 84 89 90 91 93 96 
174,11 12 16 18 22 24 30 37 38 41 49 50 53 54 60 61 64 73 74 81 84 91 94 95 98 
175,3 7 11 12 15 16 20 22 37 40 41 44 49 51 53 55 56 63 64 68 71 74 75 76 81 82 84 86 90 93 94 98 
176,0 6 18 19 23 30 37 47 50 51 56 57 62 64 71 73 75 78 80 83 85 86 94 98 
177,0 6 7 15 16 19 23 31 34 39 45 50 51 62 66 71 77 78 79 88 95 
178,2 8 11 12 15 16 22 26 31 32 34 36 38 42 43 45 49 52 72 74 77 89 91 95 98 
179,0 1 4 5 6 15 19 23 24 26 30 32 34 37 39 41 42 45 50 51 58 65 71 78 79 82 93 98 
180,12 26 38 41 49 61 73 74 76 77 91 94 95 97 98 99 
181,0 5 6 7 18 19 23 27 30 31 37 42 47 50 51 52 53 62 64 71 78 80 81 95 
182,8 12 15 18 20 24 28 32 38 41 44 47 49 53 59 61 62 64 71 80 82 84 91 95 99 
183,4 10 16 24 30 41 46 49 56 65 66 74 87 91 93 99 
184,16 41 46 49 63 66 74 93 99 
185,1 26 27 30 32 38 41 43 44 47 50 53 64 68 71 75 77 80 81 88 91 
186,5 38 41 53 74 84 91 96 
187,20 26 27 29 32 38 41 44 48 67 71 75 76 77 80 81 82 84 85 91 
188,1 5 16 20 22 26 29 30 41 42 49 52 63 68 69 72 73 74 84 86 89 93 96 98 
189,1 5 8 12 18 20 21 25 27 30 41 47 53 63 64 74 75 80 84 86 88 91 
190,0 6 12 19 23 25 26 29 30 39 44 47 50 51 54 62 66 71 75 79 80 81 90 95 
191,11 12 16 26 30 31 41 44 49 61 71 74 81 83 84 88 93 94 95 99 
192,2 10 15 27 29 32 33 35 38 47 52 61 66 72 75 80 85 87 88 89 91 94 97 99 
193,8 12 13 29 30 41 49 56 58 61 65 68 69 74 77 82 83 95 99 
194,5 12 18 26 27 28 29 32 38 39 47 53 54 64 69 75 77 80 81 91 94 95 
195,13 20 26 27 38 39 41 49 51 52 53 58 59 61 69 75 80 81 84 91 95 97 99 
196,1 3 16 18 20 29 37 41 49 52 53 59 61 64 68 69 74 75 76 83 84 86 91 93 95 99 
197,18 26 32 37 38 47 49 53 57 64 68 72 75 79 80 85 87 91 97 99 
198,1 3 5 6 8 9 10 11 16 20 24 30 38 41 43 44 49 54 58 68 70 74 77 81 84 88 91 93 94 97 99 
199,0 6 18 19 23 26 27 34 37 42 46 47 50 51 53 55 64 71 75 78 79 82 85 86 87 99 
200,1 2 5 7 11 12 15 20 25 30 34 39 41 42 44 47 49 53 68 71 75 80 81 83 84 95 
201,1 5 8 15 20 26 27 32 35 38 41 53 55 58 61 67 75 77 80 83 84 87 91 94 
202,5 9 12 13 20 26 32 35 38 41 42 49 58 61 75 80 83 84 87 91 95 99 
203,16 18 21 25 26 27 39 41 44 47 52 56 63 64 68 74 75 76 80 81 88 91 96 
204,1 5 12 26 27 29 30 37 38 39 41 42 49 52 61 68 72 73 75 76 80 83 85 87 91 98 
205,7 11 16 18 30 39 41 43 49 51 64 66 74 79 84 90 96 97 98 99 
206,1 5 20 30 38 39 41 47 49 53 61 67 69 70 74 75 79 80 84 85 87 89 90 91 92 
207,2 5 10 11 20 30 37 39 41 43 44 46 49 53 64 66 71 73 74 81 84 95 99 
208,0 6 7 18 23 25 27 37 39 47 50 51 64 65 71 72 75 78 79 81 82 99 
209,5 16 17 22 30 41 43 45 54 63 67 68 72 74 75 81 93 96 
210,0 5 6 12 19 21 23 29 34 37 50 51 62 63 68 71 76 77 78 98 
211,1 9 21 26 27 30 39 41 47 56 68 74 75 77 80 82 
212,0 3 6 11 15 16 19 31 34 37 39 42 50 51 53 55 62 64 71 77 79 81 99 
213,0 1 6 12 19 23 25 27 34 37 39 47 50 51 53 57 62 64 71 75 76 78 79 80 81 86 94 
214,1 3 5 10 11 18 20 22 26 30 35 41 42 44 49 53 63 64 68 71 74 76 81 84 95 96 99 
215,8 20 30 36 41 43 45 47 52 74 84 91 
216,5 7 9 11 15 16 18 30 34 39 41 46 49 51 56 61 64 73 74 77 81 82 88 93 94 95 97 98 
217,20 25 27 32 41 47 63 66 68 75 76 80 84 85 86 87 90 97 
218,4 5 13 25 26 27 30 32 41 47 53 63 64 68 72 75 80 81 89 97 
219,24 26 27 29 38 39 41 47 48 53 64 80 81 82 91 
220,8 10 14 26 27 29 30 39 41 46 47 63 66 75 80 87 94 96 
221,1 12 15 18 20 25 26 30 34 41 44 47 49 61 63 64 65 71 75 80 84 85 87 91 95 98 
222,2 7 11 13 15 16 24 26 28 34 38 39 40 41 43 44 49 58 61 64 65 74 77 82 83 86 89 91 94 99 
223,6 12 13 17 18 24 26 32 38 41 42 49 53 58 61 64 73 75 77 80 83 87 91 95 98 99 
224,5 12 13 20 26 27 30 37 38 39 41 42 44 47 49 53 56 63 64 68 72 73 75 80 81 84 86 91 94 95 98 
225,12 18 20 30 38 41 46 47 49 53 56 61 64 67 75 80 85 91 95 99 
226,1 3 5 9 16 18 20 30 37 41 43 44 45 56 61 64 68 71 72 74 81 84 86 93 95 
227,1 18 20 26 27 31 38 41 47 53 61 64 68 75 77 80 81 84 91 92 
228,12 27 30 39 41 47 49 53 64 66 75 80 82 84 87 88 89 91 95 98 
229,1 4 12 13 19 26 28 32 36 39 49 51 53 61 62 64 73 75 80 85 87 95 98 
230,12 13 15 26 30 35 38 41 49 75 80 85 87 91 94 95 97 
231,2 11 12 13 15 16 17 18 20 22 24 29 30 43 44 49 53 56 61 64 65 73 74 76 77 81 84 86 94 95 99 
232,0 1 5 6 12 19 20 23 24 26 32 33 37 47 50 51 71 73 75 78 79 82 87 95 
233,7 12 15 16 29 37 39 41 43 48 49 51 53 77 82 83 91 95 99 
234,12 17 18 23 30 38 41 46 49 53 57 61 64 69 74 77 78 80 82 85 91 95 99 
235,0 6 9 15 19 23 26 27 30 32 34 35 39 42 47 51 52 54 62 63 64 71 75 78 79 80 81 
236,7 15 18 20 24 27 30 37 38 44 47 51 54 61 64 71 72 75 79 80 84 86 87 88 91 94 
237,1 5 12 20 26 27 32 39 41 43 47 58 68 75 77 80 83 84 85 87 91 
238,1 5 7 11 16 18 19 22 25 29 30 41 42 49 51 52 53 64 65 72 74 81 82 92 93 
239,1 2 5 11 16 24 39 41 44 49 52 56 58 61 63 68 71 73 74 81 91 93 95 97 98 
240,3 10 12 18 20 32 36 38 43 49 55 59 64 66 73 74 77 84 89 91 94 95 98 
241,0 6 19 23 27 29 30 32 34 37 42 47 50 51 53 71 75 76 78 79 80 82 85 
242,0 1 6 7 13 18 19 23 30 34 37 47 50 51 53 62 64 71 78 80 81 95 99 
243,6 7 19 23 27 32 37 45 46 47 50 51 53 55 68 71 75 78 81 82 85 
244,11 12 15 16 17 18 26 34 35 37 49 53 64 74 81 91 93 94 95 98 
245,1 5 20 26 30 38 41 42 47 49 55 67 72 75 76 77 80 84 85 89 91 94 95 98 
246,5 9 10 12 15 25 30 38 41 44 47 49 71 72 75 80 81 85 91 95 
247,7 11 23 31 34 37 39 44 47 49 54 63 64 66 68 79 80 81 85 89 94 96 
248,12 22 25 26 30 32 39 41 47 49 53 54 61 68 80 85 91 95 98 
249,1 12 15 23 26 27 34 38 39 41 44 46 61 68 71 74 77 80 83 85 91 98 
250,1 4 25 27 30 33 36 39 41 47 54 55 66 75 80 85 87 89 91 
251,11 12 15 16 20 28 33 41 43 45 49 54 64 73 74 77 80 84 90 95 99 
252,1 5 6 26 29 30 32 37 39 41 44 45 49 53 64 70 71 80 89 94 
253,3 10 16 26 45 48 53 58 61 65 74 84 88 89 90 95 
254,1 17 27 39 41 47 49 53 61 64 66 68 73 75 80 81 82 85 91 99 
255,12 18 20 25 26 30 32 41 42 46 47 48 49 53 64 72 73 75 80 84 87 95 
256,0 5 6 12 16 18 19 24 31 33 42 43 45 50 51 62 64 71 74 78 81 93 95 99 
257,1 23 24 27 29 37 39 41 49 53 54 61 66 68 76 79 81 85 96 98 99 
258,3 5 12 20 30 38 39 41 45 53 55 56 61 74 76 77 84 91 
259,1 7 13 18 21 25 28 32 44 47 49 51 53 54 63 64 68 71 74 80 84 91 95 98 
260,5 10 12 14 18 24 38 39 41 47 49 52 53 58 61 64 75 80 81 83 91 95 98 
261,30 37 38 39 41 49 74 83 91 94 95 98 
262,1 18 20 25 27 30 41 44 47 53 63 64 68 71 80 81 84 85 89 91 96 
263,15 18 23 30 35 38 41 42 47 49 52 53 55 63 64 68 72 73 75 79 80 81 84 89 91 94 96 98 
264,13 15 25 26 30 34 36 41 47 49 53 63 73 75 80 87 98 
265,1 3 5 12 17 20 23 26 27 30 32 38 41 55 58 67 68 77 80 84 85 91 94 98 
266,3 15 16 24 30 37 39 41 43 44 49 54 73 74 84 91 93 96 99 
267,3 6 10 16 18 24 30 39 41 46 49 53 54 64 70 73 74 93 98 
268,8 15 27 30 32 34 38 39 47 49 54 64 75 79 80 85 91 96 
269,5 11 16 21 30 37 39 41 44 49 63 71 74 81 86 93 95 98 99 
270,12 23 30 38 41 46 49 53 61 66 69 70 73 74 75 77 80 91 95 98 99 
271,0 6 17 19 31 33 34 37 39 50 51 54 62 71 77 78 79 96 
272,1 4 6 12 15 20 26 30 39 40 41 44 45 53 67 68 70 89 94 98 
273,10 23 27 29 37 38 41 47 61 63 75 80 82 85 87 89 91 98 
274,5 10 14 17 20 24 38 41 44 47 49 54 66 75 76 80 82 84 85 87 91 95 98 
275,10 15 16 18 26 30 34 41 44 45 48 53 63 64 71 74 81 86 91 93 
276,10 18 21 27 38 41 44 47 49 64 71 73 75 76 79 80 81 86 89 91 98 
277,0 6 14 15 23 25 27 31 33 34 37 40 47 50 52 62 65 75 78 79 80 81 82 94 96 
278,4 8 20 26 27 30 39 41 44 47 49 71 75 80 82 84 85 94 
279,18 20 23 26 27 32 38 41 44 46 51 53 61 64 80 81 91 
280,22 30 34 37 41 45 51 53 61 69 75 89 95 96 
281,13 20 24 26 38 41 49 58 66 73 75 80 84 85 87 91 98 99 
282,9 11 15 16 22 30 34 35 41 49 61 64 73 76 77 81 94 99 
283,0 6 7 19 23 29 31 34 37 50 51 54 57 62 64 66 71 76 77 78 79 95 96 98 99 
284,10 12 15 16 24 29 38 39 41 43 47 49 70 73 74 77 91 95 99 
285,1 18 30 33 44 47 49 59 61 64 68 73 75 80 85 87 89 94 95 98 
286,0 5 6 7 9 15 16 18 19 23 24 25 31 34 37 39 45 47 50 51 62 64 71 72 75 78 79 81 98 
287,1 6 10 14 24 41 47 49 63 68 70 75 80 87 90 91 99 
288,5 7 20 21 23 25 27 30 37 39 41 44 47 51 53 63 67 71 72 75 79 80 84 85 87 88 91 96 97 98 99 
289,1 4 5 6 9 15 16 21 26 30 34 41 43 45 51 61 63 70 72 74 76 88 95 99 
290,5 9 12 16 21 29 30 38 39 41 43 45 47 54 57 61 74 82 87 88 91 93 97 
291,1 5 14 23 25 29 36 39 42 47 49 52 53 57 59 61 68 73 75 80 87 96 98 99 
292,5 16 30 39 41 44 45 61 66 69 71 74 81 82 91 93 
293,5 7 16 18 20 22 30 37 41 43 44 45 51 52 53 54 64 69 72 81 84 88 89 93 96 
294,1 18 27 30 37 38 39 41 47 53 63 64 68 75 79 80 82 85 87 88 89 91 94 96 
295,7 18 19 26 32 37 41 49 51 53 61 64 77 91 95 99 
296,5 10 16 30 36 41 43 45 49 53 63 66 68 89 93 96 
297,1 30 37 38 41 45 56 68 74 81 91 94 
298,11 16 18 20 21 22 24 26 30 41 45 49 53 61 63 64 68 74 81 84 91 93 99 
299,3 8 12 17 18 20 30 41 44 48 49 53 54 64 66 74 77 82 84 95 99 
300,5 11 15 20 25 30 32 34 37 41 42 47 49 56 61 75 80 84 85 86 
301,0 1 6 19 23 24 27 32 34 37 39 44 47 50 51 62 63 64 66 68 71 75 78 79 87 
302,1 12 24 30 38 41 44 47 49 53 61 64 71 75 80 85 87 89 91 98 
303,1 6 19 23 41 51 62 68 79 85 88 91 98 
304,1 4 6 12 15 20 23 26 27 30 32 39 40 41 44 53 67 68 70 75 80 85 87 89 94 98 
305,2 7 11 15 20 22 28 38 41 43 44 49 59 61 74 77 84 91 96 99 
306,1 5 16 20 26 30 36 39 41 43 44 45 50 53 54 72 74 82 84 91 93 96 97 
307,5 7 9 10 18 20 30 36 39 42 44 47 49 56 64 71 72 73 75 80 81 82 84 85 91 95 96 
308,0 6 19 23 24 26 29 31 32 34 37 39 42 51 58 62 66 70 76 77 78 79 85 89 98 
309,6 16 20 26 30 36 37 39 41 45 46 72 74 84 86 89 91 93 94 96 98 99 
310,1 5 8 10 12 14 15 25 26 27 30 32 47 64 68 75 80 83 86 87 88 89 91 
311,2 5 12 15 21 26 28 30 41 44 47 49 58 61 64 71 74 75 80 83 95 99 
312,1 4 7 12 15 17 19 20 21 25 27 29 30 32 33 34 45 47 51 56 63 73 75 76 80 82 84 85 87 88 90 92 96 
313,24 26 37 38 39 41 49 63 66 68 74 79 85 89 91 96 98 
314,5 7 15 17 28 32 34 35 44 47 49 52 53 54 75 80 83 87 91 94 97 
315,0 6 14 18 19 23 27 31 32 34 37 47 50 51 53 62 64 67 71 75 78 79 86 87 96 
316,1 5 7 12 13 15 18 20 26 35 39 49 51 53 61 64 68 76 77 79 80 83 84 88 91 94 95 97 99 
317,3 18 20 36 38 44 45 53 54 55 59 64 71 74 84 86 91 95 
318,1 6 15 20 26 36 38 45 46 49 61 63 66 68 70 74 77 81 84 91 96 
319,5 12 15 17 20 27 30 32 41 47 49 53 55 61 64 73 75 77 80 81 84 85 86 89 96 
320,7 27 30 38 39 44 47 49 53 54 61 63 64 66 68 71 77 80 85 88 91 93 96 
321,0 1 6 12 18 19 23 30 37 42 50 51 53 58 62 64 66 78 79 83 86 95 99 
322,1 7 11 16 19 20 21 30 41 43 46 49 51 53 61 63 64 74 81 84 88 93 96 99 
323,0 5 6 7 19 23 25 26 30 32 34 37 40 42 47 50 51 53 54 62 63 71 75 78 79 87 92 94 99 
324,7 8 11 15 27 28 32 34 38 41 47 49 53 64 75 76 80 82 83 89 91 96 
325,10 12 15 20 26 32 34 37 38 48 49 54 64 75 80 82 84 85 91 95 99 
326,1 6 17 22 28 30 41 43 45 50 61 66 74 86 89 
327,0 6 8 11 15 19 23 24 25 26 31 34 37 45 47 49 50 51 53 54 62 75 78 80 85 92 94 96 98 
328,5 10 12 16 18 20 29 38 39 44 45 53 64 66 74 81 84 88 89 91 93 97 
329,0 1 6 7 12 18 23 26 27 31 34 37 50 51 62 63 64 65 71 75 78 79 82 87 94 
330,1 12 13 14 20 24 26 30 39 41 49 58 61 64 65 68 75 80 87 95 99 
331,10 12 20 25 33 39 47 49 53 55 63 66 68 80 81 82 84 91 95 98 
332,1 5 20 26 27 29 30 32 39 41 46 47 57 61 68 69 80 81 82 84 85 95 
333,5 9 12 21 25 27 30 39 41 47 49 61 75 80 86 88 91 94 98 
334,3 11 16 20 30 39 41 44 49 63 68 71 74 80 84 88 89 91 93 95 96 98 
335,3 5 16 18 20 30 36 39 41 49 53 61 64 73 84 91 93 98 
336,0 6 19 23 27 34 37 47 50 51 62 66 68 71 75 78 85 87 
337,3 19 23 26 29 31 37 39 48 51 58 66 67 76 77 79 83 85 88 91 94 98 
338,5 26 30 36 38 41 45 61 68 74 77 81 82 83 91 98 
339,26 27 30 38 47 60 68 75 77 80 83 87 88 89 91 
340,12 13 23 26 29 30 32 36 38 41 44 47 49 51 53 59 64 69 71 73 80 81 91 95 98 
341,8 9 10 25 27 30 32 38 41 47 52 61 62 69 73 74 75 80 85 87 89 91 95 
342,0 6 11 17 19 23 26 31 34 37 39 50 51 53 58 62 64 65 77 78 85 89 98 99 
343,12 13 18 20 21 23 26 30 38 39 41 42 47 49 53 64 67 75 80 84 87 91 94 95 
344,1 3 5 10 11 15 16 19 20 28 34 36 37 41 44 45 61 64 68 72 81 84 86 91 93 95 96 
345,0 6 13 15 19 23 28 37 39 42 47 50 51 53 55 56 58 62 64 66 71 75 79 80 85 96 98 99 
346,1 3 13 15 16 17 20 22 24 26 30 36 39 41 43 45 56 61 63 66 68 74 81 82 84 88 94 98 
347,1 6 18 25 30 39 41 45 52 53 61 64 65 69 70 74 77 90 98 
348,3 5 16 18 20 21 26 37 39 41 42 43 49 53 55 64 67 73 82 84 89 91 92 93 94 95 96 98 
349,12 15 16 17 34 38 41 49 53 61 67 74 75 77 82 91 95 
350,5 12 16 18 21 29 30 38 41 45 48 53 64 67 74 77 82 88 91 94 97 
351,14 20 30 39 41 43 47 49 52 53 54 61 63 64 68 73 75 80 84 87 91 96 
352,0 1 2 5 12 13 15 16 25 26 31 34 38 40 42 50 51 62 65 71 73 77 78 79 82 83 95 99 
353,0 1 3 6 11 16 18 19 24 30 34 37 42 50 51 53 55 62 64 71 77 78 79 81 86 97 99 
354,1 8 24 30 39 41 45 56 61 63 68 74 82 85 89 96 99 
355,0 1 6 7 15 19 23 27 32 34 37 39 46 47 49 50 53 62 63 64 71 75 78 79 81 94 98 
356,3 5 15 16 20 21 29 30 35 39 40 41 43 45 61 63 84 88 91 93 94 95 
357,0 1 3 5 6 19 23 24 26 32 37 41 42 50 51 62 63 66 68 71 78 79 85 89 94 98 
358,7 12 18 21 26 29 30 38 41 47 49 51 52 53 64 73 74 75 80 81 85 90 91 99 
359,0 10 11 15 16 20 26 38 39 40 49 61 65 72 73 74 81 89 91 94 95 96 97 98 
360,1 23 30 32 39 41 45 47 49 67 68 72 75 80 87 91 95 98 
361,11 15 27 30 37 41 46 47 65 75 77 80 81 85 89 
362,20 26 27 30 32 38 47 55 75 78 80 84 85 87 89 91 95 
363,0 1 6 7 15 19 23 26 27 28 29 32 34 38 42 50 51 53 62 64 67 71 76 78 79 80 
364,1 3 9 15 16 20 24 33 34 39 49 63 74 82 84 91 93 99 
365,12 15 17 21 28 30 33 38 39 41 44 47 49 61 66 68 73 75 80 84 86 87 89 91 95 96 98 
366,1 14 24 26 27 30 32 37 41 45 47 53 66 75 77 79 80 81 
367,4 5 7 12 18 20 24 38 41 42 47 49 51 53 61 63 64 68 75 76 80 81 84 91 95 96 99 
368,3 5 9 12 15 16 20 30 34 41 45 55 74 84 86 89 91 92 93 
369,1 8 30 36 41 43 49 52 63 67 68 74 77 87 91 95 99 
370,12 15 16 17 21 26 29 41 48 49 61 63 66 68 74 83 91 93 94 95 99 
371,12 18 24 32 36 41 47 49 53 61 64 68 75 80 81 85 89 95 
372,1 4 30 32 38 39 41 43 46 49 52 53 56 57 61 66 68 74 77 82 89 91 98 
373,1 10 13 17 26 30 36 38 39 41 45 47 48 49 53 64 75 76 80 85 90 91 99 
374,0 6 19 23 26 29 31 34 37 42 48 51 58 71 76 78 82 85 98 
375,1 5 12 15 25 30 35 39 41 44 47 49 61 68 75 80 87 91 94 95 96 97 98 
376,1 10 11 12 13 14 20 28 30 36 39 41 43 49 52 57 58 64 65 74 77 82 83 95 99 
377,23 26 27 29 35 37 39 44 61 68 73 75 76 79 80 81 85 98 
378,1 11 18 20 39 41 49 53 56 64 66 68 74 77 80 81 84 98 
379,12 15 20 24 25 26 28 30 32 37 41 44 49 63 71 75 80 82 84 87 91 95 99 
380,0 6 7 12 15 18 19 23 25 26 33 34 37 39 42 50 51 53 58 62 64 65 71 75 78 79 80 83 87 95 99 
381,1 2 13 15 16 32 35 39 43 49 63 72 74 91 93 94 95 97 99 
382,20 24 26 27 32 38 39 41 47 52 55 60 61 72 75 76 80 81 84 86 91 97 
383,0 5 6 7 14 19 23 24 26 29 31 32 34 36 37 39 42 54 59 62 67 71 72 76 78 79 
384,11 12 16 20 41 43 44 45 58 61 68 71 74 81 83 84 88 91 93 
385,8 17 23 26 27 41 47 48 51 53 54 56 62 64 69 75 80 82 87 88 98 
386,5 8 12 24 27 29 30 37 38 40 41 47 63 72 75 80 85 87 90 91 96 
387,12 17 18 30 35 39 41 44 49 53 54 59 63 64 68 69 71 73 74 75 77 83 95 99 
388,9 11 12 16 17 20 24 26 28 37 39 41 49 61 64 83 84 93 95 99 
389,11 18 19 20 21 28 32 37 39 43 44 49 53 61 62 63 68 71 73 81 84 90 91 97 98 
390,0 1 5 6 10 12 15 17 18 19 30 34 35 42 44 45 50 51 52 53 62 64 68 72 74 78 79 89 90 94 
391,11 12 22 31 37 41 42 43 49 58 61 65 77 81 91 95 99 
392,0 1 6 12 17 18 19 23 25 26 34 37 42 48 50 51 53 63 64 66 71 74 75 78 82 83 85 87 95 99 
393,0 1 6 7 12 19 23 25 27 30 34 37 39 42 47 50 51 54 56 58 62 66 71 78 79 81 
394,0 3 6 16 18 19 21 38 39 45 49 50 51 53 55 62 64 71 74 78 81 96 97 
395,0 11 12 15 16 18 20 22 26 29 34 41 42 44 48 49 53 61 64 73 81 82 84 91 93 94 95 98 99 
396,1 17 18 20 26 28 38 41 47 48 49 53 61 64 75 80 84 85 87 91 99 
397,0 6 7 18 23 34 37 39 42 50 51 53 54 62 63 64 65 66 68 71 78 79 82 98 
398,1 3 12 15 16 18 20 26 34 36 39 41 49 52 55 64 65 66 73 74 77 83 84 95 96 99 
399,3 11 15 16 20 38 43 49 55 61 64 69 74 77 81 84 89 91 98 
400,3 5 7 12 16 20 21 24 38 39 44 45 49 50 56 62 64 76 77 81 84 88 91 94 96 
401,0 6 7 18 19 23 24 29 33 34 38 42 47 50 51 53 59 60 64 68 71 72 73 75 78 85 87 89 94 99 
402,0 1 6 12 19 23 25 32 37 39 47 50 51 53 62 63 64 68 71 75 78 79 81 89 95 98 
403,12 16 22 30 41 45 58 66 74 82 86 91 92 93 
404,26 30 38 41 45 56 58 59 67 69 74 75 77 91 
405,1 10 12 18 30 32 39 40 41 43 49 53 54 61 64 66 68 74 82 91 93 95 98 
406,5 7 8 13 17 23 24 25 26 28 30 32 39 40 41 42 49 53 64 75 80 91 95 98 99 
407,15 27 30 32 35 38 41 42 46 47 49 53 61 63 64 68 75 79 80 81 91 95 96 97 99 
408,5 11 15 16 26 30 37 41 49 53 54 55 58 64 65 74 81 91 93 95 99 
409,4 30 39 41 43 44 45 46 47 61 70 71 89 94 95 99 
410,8 16 22 30 41 43 45 54 57 63 66 74 90 91 93 
411,0 2 9 12 13 15 20 26 28 32 41 49 64 72 75 80 84 91 95 99 
412,0 9 15 16 20 22 26 30 34 36 43 45 48 74 82 84 89 93 
413,3 9 10 12 17 30 36 38 41 45 59 61 69 74 77 81 86 89 91 
414,26 29 30 38 40 41 61 64 68 72 74 75 82 85 89 91 95 
415,11 16 18 20 26 30 31 37 41 44 48 49 53 57 61 64 66 67 74 81 84 93 99 
416,0 3 5 6 9 19 24 31 34 37 41 42 45 46 48 50 51 55 62 71 77 78 79 87 
417,0 2 6 7 12 19 23 25 26 30 31 32 34 37 44 50 51 62 66 68 71 78 80 83 85 86 95 99 
418,12 15 17 18 20 26 28 31 32 38 39 47 49 52 53 61 64 75 80 84 87 91 95 99 
419,1 3 9 12 13 15 18 20 26 30 41 44 49 54 55 56 61 63 64 71 74 84 93 95 99 
420,5 12 14 18 30 38 41 43 45 49 53 56 61 64 74 81 91 98 99 
421,17 21 22 24 44 45 47 51 54 60 68 70 92 
422,7 11 13 14 20 30 41 42 43 44 49 51 53 61 63 64 68 72 74 79 81 84 94 95 99 
423,16 18 21 22 26 30 41 43 45 46 63 64 66 74 81 84 88 89 90 93 95 97 
424,17 20 27 29 30 41 47 54 64 67 75 77 80 84 87 94 
425,3 13 16 20 30 38 39 41 45 53 54 61 67 69 74 84 88 89 91 
426,4 13 20 26 30 32 36 38 41 48 49 52 55 75 79 80 81 84 91 99 
427,0 6 19 23 26 27 31 33 34 38 39 47 50 51 62 75 78 80 85 87 96 
428,2 5 12 15 20 25 30 34 37 39 40 41 42 44 47 49 56 64 65 72 75 80 82 84 85 89 91 94 95 96 99 
429,1 8 13 20 23 24 26 28 39 41 49 55 58 60 64 68 73 75 80 84 87 94 95 98 99 
430,3 15 16 20 30 34 35 39 41 43 45 49 61 63 74 76 84 86 89 91 93 95 99 
431,3 5 6 11 12 15 16 18 20 21 22 30 35 43 44 49 50 52 53 61 64 70 71 74 77 84 91 94 95 99 
432,0 6 19 23 26 27 34 37 39 47 50 51 55 62 63 66 68 75 78 79 85 87 95 
433,10 23 27 30 36 38 39 41 47 49 52 61 70 75 79 80 87 88 89 91 95 96 97 99 
434,8 10 12 20 30 32 45 47 49 72 75 80 85 87 89 95 98 
435,5 15 18 20 27 30 34 38 41 46 47 51 53 63 64 72 75 76 80 84 87 91 
436,5 18 20 25 26 27 30 39 41 47 53 64 75 80 84 87 96 
437,3 6 11 20 22 26 31 36 38 49 54 56 70 74 77 81 84 91 95 
438,2 18 30 36 38 39 43 44 49 64 66 71 74 84 87 89 91 95 98 
439,10 12 15 20 26 30 32 36 38 41 44 47 48 49 61 68 72 75 80 84 86 87 89 91 94 95 97 99 
440,3 11 12 16 17 20 28 36 37 42 43 46 49 52 53 56 64 72 74 75 84 89 91 93 95 96 98 
441,1 7 11 15 20 28 37 38 41 44 49 50 52 53 54 61 73 74 89 91 95 98 
442,2 3 36 38 39 41 45 53 54 57 66 77 79 91 96 
443,7 17 24 27 38 39 44 46 47 51 52 53 56 62 71 75 80 85 89 91 98 
444,5 19 25 37 41 43 45 51 53 61 73 77 91 
445,0 6 10 19 34 45 50 51 52 62 63 64 68 71 74 78 79 81 95 
446,0 1 6 7 19 21 23 26 29 31 32 34 37 51 54 56 63 66 68 70 71 76 78 79 81 82 88 98 
447,4 8 30 38 41 44 45 68 69 74 75 81 90 91 95 
448,9 11 15 20 25 28 30 32 37 39 41 47 49 55 61 63 64 68 75 79 80 86 96 99 
449,24 26 27 29 32 37 41 47 75 76 77 82 83 87 
450,1 11 12 15 16 18 20 21 35 37 39 41 43 44 45 52 53 54 63 64 68 71 74 79 81 83 84 88 91 93 94 99 
451,1 9 12 14 15 23 25 28 30 39 41 44 46 47 49 63 68 71 75 80 91 94 95 98 99 
452,5 15 25 27 30 34 37 41 47 53 63 75 80 85 87 88 91 94 95 97 
453,1 5 13 23 26 38 39 41 42 48 49 68 75 80 82 87 91 95 98 99 
454,5 15 18 20 23 24 25 27 30 34 37 41 47 49 53 61 64 75 80 81 84 85 91 
455,0 1 5 6 7 12 19 23 24 26 27 30 32 37 39 42 47 50 51 69 72 75 77 78 79 82 87 92 
456,1 5 6 16 19 20 21 29 33 43 45 48 50 51 63 70 71 74 78 81 82 93 
457,17 30 38 41 45 46 91 94 
458,4 5 30 32 39 41 42 47 49 63 68 75 80 85 89 90 95 98 
459,11 15 16 17 20 22 28 34 37 43 49 53 64 73 77 81 82 84 99 
460,8 23 26 38 41 58 61 65 67 74 77 81 91 98 
461,3 16 20 25 30 36 37 38 44 49 55 60 64 65 68 71 74 76 82 83 84 87 89 91 93 94 95 98 
462,1 3 15 16 20 31 33 34 36 45 46 48 66 68 74 81 84 93 
463,11 12 14 18 30 41 42 43 49 51 53 56 59 64 68 69 74 77 82 83 89 90 94 95 98 
464,1 7 12 19 20 25 30 41 42 44 47 49 52 57 63 67 68 69 72 75 80 84 85 87 91 95 99 
465,0 1 6 19 23 29 30 32 37 51 53 56 62 63 66 68 71 76 78 79 85 89 95 96 
466,11 12 18 20 26 29 30 39 41 43 45 64 74 77 82 84 89 94 
467,7 20 22 30 36 41 49 51 53 61 64 68 74 76 77 82 84 91 99 
468,12 18 27 30 35 38 41 44 47 49 52 53 61 64 71 75 77 80 85 87 90 91 96 
469,12 13 16 18 20 26 30 33 36 39 40 41 49 53 55 61 63 64 66 68 73 74 76 84 86 87 89 91 93 95 99 
470,3 20 33 36 37 46 49 55 61 73 74 77 84 94 95 98 
471,11 12 18 38 41 44 49 51 54 61 63 64 68 73 74 77 81 83 84 86 91 95 98 
472,3 4 13 20 22 24 30 41 47 49 53 74 77 84 91 94 98 
473,0 6 7 15 16 18 19 37 39 42 43 50 51 52 53 58 60 62 64 66 71 77 78 79 96 99 
474,1 7 8 19 20 24 26 27 38 46 47 51 52 75 80 84 85 87 91 
475,13 20 29 30 32 38 41 47 49 61 73 75 80 82 84 85 87 91 96 97 98 
476,2 3 5 7 24 30 32 38 43 45 57 61 74 81 86 89 91 
477,3 5 23 26 38 39 41 42 46 49 63 68 72 74 77 79 80 85 89 91 98 
478,3 9 11 20 26 30 32 37 39 41 44 49 54 55 71 73 74 81 82 84 92 95 99 
479,1 5 7 11 12 16 20 21 29 38 41 43 44 49 51 58 63 68 69 71 73 74 77 81 91 95 97 98 99 
480,26 27 32 37 41 58 65 67 68 75 80 85 87 91 97 
481,0 3 6 7 17 18 19 30 31 37 39 43 44 45 50 51 52 53 55 62 64 69 71 78 79 81 92 
482,5 12 21 24 32 38 41 45 47 49 54 57 58 61 73 74 77 80 82 91 94 95 99 
483,12 18 26 38 47 48 49 53 56 64 73 75 80 81 83 91 95 99 
484,4 12 13 15 24 26 32 41 49 65 75 80 87 95 99 
485,8 12 15 17 24 28 38 39 41 44 45 53 61 63 64 68 71 77 79 87 91 94 99 
486,1 5 12 18 25 30 39 41 42 44 45 47 49 63 64 68 71 72 75 80 81 85 95 99 
487,16 19 39 41 45 51 66 74 81 91 93 98 
488,0 6 7 15 16 17 19 24 26 31 33 34 37 45 46 48 50 51 62 71 78 79 93 
489,25 27 30 41 44 47 54 71 75 80 81 82 94 95 
490,18 20 25 26 39 44 47 49 51 52 53 56 63 64 68 71 73 75 80 81 83 84 85 89 91 95 96 97 98 
491,0 6 18 19 23 26 30 37 38 44 47 50 51 53 56 62 64 66 71 75 76 78 79 81 85 94 95 
492,6 10 12 15 25 26 30 35 37 39 41 46 47 49 54 61 63 70 73 75 80 87 91 94 95 99 
493,11 24 39 41 43 46 48 49 55 56 68 69 74 77 94 99 
494,5 9 10 18 26 29 30 37 39 41 42 44 47 49 50 54 64 71 75 80 81 91 95 
495,1 12 13 20 26 28 30 32 38 41 49 52 54 75 80 81 84 85 91 95 97 99 
496,0 5 6 9 15 16 19 26 30 31 34 37 45 50 51 55 62 63 64 71 72 74 78 93 97 
497,1 5 10 15 16 17 18 20 26 34 36 37 39 40 43 45 46 53 56 64 72 81 82 84 89 91 
498,22 30 38 41 45 51 58 72 74 79 91 94 
499,5 18 26 27 30 32 38 41 48 61 64 68 75 77 80 82 87 91 95 
500,3 7 11 12 16 20 25 28 30 33 39 41 44 49 51 53 61 64 73 74 84 86 89 93 95 96 
501,6 12 15 26 27 28 29 32 36 38 39 44 46 52 53 58 61 70 75 77 80 85 87 88 91 96 
502,3 15 16 17 30 35 41 43 44 49 58 61 71 74 91 93 94 99 
503,10 11 26 38 41 46 47 49 51 52 61 70 73 74 81 83 86 91 95 98 
504,5 9 14 23 25 27 41 46 47 49 52 56 61 63 68 70 72 75 80 81 85 88 89 91 95 96 98 99 
505,1 8 12 15 18 26 34 37 39 41 44 56 64 71 74 87 93 
506,3 5 15 16 18 20 30 34 37 39 41 42 49 50 53 55 61 64 74 81 84 93 95 99 
507,5 14 20 26 30 38 41 42 44 47 49 55 57 71 75 80 84 87 90 91 
508,5 10 18 20 25 26 27 30 32 37 39 41 47 49 58 63 64 75 80 81 84 85 88 97 
509,0 5 6 18 19 21 23 25 27 29 31 34 37 47 50 51 53 54 62 63 64 71 72 74 76 78 79 80 85 
510,11 12 13 15 16 18 20 29 34 38 41 44 48 49 53 57 64 65 71 73 74 77 81 82 84 86 91 95 99 
511,5 8 9 15 21 25 27 29 47 54 61 72 75 80 83 85 89 91 
512,7 9 18 20 27 31 38 39 44 47 50 51 55 59 64 69 71 75 80 84 85 89 91 96 
513,5 20 25 26 27 30 39 41 47 53 63 64 67 72 75 80 81 82 84 88 91 94 97 98 
514,0 1 5 6 12 19 23 25 31 33 35 39 42 47 50 51 52 54 64 68 71 72 73 75 78 79 82 87 95 99 
515,11 12 15 16 18 22 28 31 32 35 37 38 49 51 53 54 59 64 65 74 77 83 91 95 99 
516,0 1 6 12 15 16 18 19 29 33 37 43 45 50 51 62 63 64 66 69 71 78 79 81 89 93 94 96 
517,1 3 5 17 23 24 26 27 29 30 38 41 68 74 77 80 82 85 91 95 98 
518,5 7 19 20 24 27 30 31 32 39 42 44 47 49 51 52 63 68 71 72 75 80 84 85 87 89 96 98 
519,6 15 25 27 30 32 35 36 41 44 47 49 57 61 63 68 70 75 76 80 81 88 91 94 97 
520,20 25 26 30 41 47 49 50 53 75 80 81 84 85 
521,10 18 20 25 26 27 36 37 47 54 63 64 66 75 80 81 84 88 94 
522,0 6 19 23 29 34 37 42 50 51 62 76 78 79 85 96 98 
523,7 22 33 37 38 39 44 49 50 51 68 71 73 84 87 91 94 95 97 98 
524,7 11 17 18 20 37 39 41 43 49 53 61 64 74 81 84 96 
525,5 9 15 16 18 30 34 43 44 45 56 61 63 64 72 74 81 88 91 92 93 96 98 
526,3 7 11 17 20 28 32 44 49 53 55 64 71 81 82 84 91 94 96 98 
527,1 3 19 20 21 27 29 38 39 40 41 45 51 53 55 56 61 74 84 87 88 90 91 95 
528,12 18 20 30 38 39 41 44 49 52 53 57 61 64 68 71 74 77 82 84 91 95 99 
529,5 8 9 14 16 21 25 27 30 41 44 47 49 54 61 63 70 74 75 80 87 88 91 94 96 97 
530,5 12 16 22 26 30 39 41 44 45 56 61 74 91 93 98 
531,0 3 6 7 11 12 15 16 19 23 31 34 37 39 42 50 51 53 62 63 71 79 81 86 93 95 
532,3 9 11 12 18 20 22 30 41 44 49 52 55 64 77 81 84 91 94 95 98 
533,5 11 30 39 40 41 42 43 44 49 50 57 63 68 71 72 73 81 82 89 91 94 96 98 
534,9 11 15 16 30 34 41 43 48 49 64 74 81 91 93 94 95 99 
535,5 27 29 30 36 39 41 42 47 49 50 61 72 73 75 80 85 87 92 96 97 98 
536,0 6 12 13 15 19 23 24 25 26 30 31 33 42 50 51 58 62 65 70 71 75 78 79 80 81 86 95 99 
537,6 26 27 30 37 39 41 47 50 61 64 69 75 80 81 85 89 90 91 94 95 96 
538,3 4 11 12 17 20 30 41 42 43 46 49 53 56 72 74 76 77 79 83 84 89 95 98 
539,0 6 16 19 31 43 45 50 51 53 62 64 66 71 74 77 78 79 
540,5 15 18 20 26 34 39 41 42 44 47 48 49 52 53 64 75 80 81 84 92 95 99 
541,0 3 10 12 15 16 18 19 30 35 42 45 50 51 56 62 64 66 71 74 77 78 81 93 98 99 
542,15 20 26 27 30 32 34 38 39 41 47 53 55 64 75 76 80 81 82 84 85 88 91 92 94 
543,18 20 30 37 41 56 61 64 72 74 84 91 93 95 
544,12 15 26 34 38 41 47 48 49 57 61 66 73 75 76 80 82 87 91 95 99 
545,14 15 27 30 38 47 52 66 75 76 80 85 87 90 91 94 
546,11 14 15 16 30 35 41 49 57 74 81 94 99 
547,0 1 5 6 19 23 26 30 31 32 37 39 50 51 66 68 71 77 78 79 99 
548,0 1 6 7 12 19 23 24 27 32 34 37 39 42 47 50 51 58 66 71 75 77 78 79 81 82 
549,8 12 15 20 25 26 30 34 37 39 41 47 49 61 65 75 80 84 87 91 92 95 
550,0 3 6 12 15 16 19 33 38 43 50 51 54 62 63 71 74 77 78 95 
551,8 21 26 27 29 38 41 46 47 49 52 54 63 68 69 74 75 80 87 91 95 98 
552,5 8 11 12 15 23 26 28 32 36 38 42 46 49 56 61 64 68 73 74 77 80 87 91 95 98 99 
553,1 4 20 25 30 37 39 41 44 47 48 49 75 80 81 84 85 89 91 95 96 98 
554,1 11 13 15 20 25 26 30 38 41 44 49 64 72 74 81 84 87 89 91 95 
555,23 26 27 30 38 39 41 46 58 61 69 74 75 79 80 85 91 95 98 
556,1 19 20 25 30 36 37 41 47 49 51 54 61 68 75 80 84 91 99 
557,2 11 15 16 26 30 34 35 41 49 55 61 63 72 76 81 91 93 94 97 99 
558,7 12 13 24 26 38 41 48 49 51 53 54 56 58 61 65 75 80 85 87 91 95 99 
559,0 1 6 7 19 23 26 29 32 34 37 48 50 51 54 66 68 70 71 76 78 79 85 
560,3 4 6 16 18 20 30 41 44 45 53 63 64 67 68 70 71 74 81 84 89 91 93 96 
561,0 6 19 23 34 37 39 47 50 52 55 56 62 66 75 78 79 85 87 96 98 
562,14 17 18 20 21 27 30 38 41 47 52 53 57 64 75 80 84 87 90 91 94 96 
563,1 4 5 10 17 25 26 27 29 32 41 44 58 61 65 68 71 75 80 81 83 91 
564,5 20 27 30 38 39 41 47 49 51 53 58 59 64 65 69 75 77 80 85 87 91 
565,1 17 20 30 38 41 44 45 47 49 55 61 63 66 68 71 75 76 80 81 84 91 95 98 
566,1 5 12 13 16 30 45 46 63 68 72 74 77 88 89 94 
567,5 8 12 32 41 42 46 47 49 52 54 61 68 69 75 77 80 87 89 91 92 95 98 
568,0 6 13 19 23 26 30 31 34 35 38 40 48 50 51 64 68 71 75 78 81 82 85 99 
569,25 26 27 30 32 39 41 47 75 80 81 85 91 
570,1 15 18 25 26 27 29 30 34 37 41 44 47 53 64 71 75 80 85 87 94 
571,3 10 11 13 15 16 17 19 20 22 24 28 32 34 39 43 49 53 55 61 63 64 66 73 74 77 81 84 89 91 96 97 98 
572,0 6 12 18 19 23 25 26 31 32 33 34 37 50 51 63 64 71 75 78 81 82 90 95 99 
573,1 20 26 27 30 32 38 41 44 48 67 71 77 80 82 84 86 88 89 91 
574,5 20 24 27 33 39 42 47 49 52 53 61 72 75 80 84 85 87 92 96 98 
575,9 11 16 18 21 22 24 30 41 43 44 49 56 61 64 71 74 81 93 95 99 
576,0 1 5 9 15 21 23 25 26 27 30 34 37 39 41 44 47 63 68 74 75 80 81 82 88 94 97 
577,1 6 12 23 24 26 27 30 38 39 41 42 47 49 54 56 68 70 72 73 75 80 87 91 95 
578,12 18 26 32 37 38 41 44 48 49 53 54 61 64 71 75 77 80 83 84 87 91 92 95 98 
579,2 5 11 12 15 16 18 26 34 38 41 44 45 47 49 53 61 64 65 71 73 74 77 81 83 86 91 93 95 99 
580,1 5 26 27 39 44 47 49 54 60 61 68 69 72 75 80 87 89 90 91 96 99 
581,16 26 29 30 37 39 44 45 46 53 64 68 71 74 86 87 93 
582,1 8 11 15 16 21 34 39 40 41 43 44 45 49 59 63 65 71 73 74 81 93 95 97 98 
583,11 12 16 18 22 26 27 30 41 44 45 53 63 64 68 74 78 82 83 86 88 91 93 97 98 99 
584,0 6 18 19 23 27 32 34 37 39 42 47 50 53 59 62 64 69 75 78 79 85 
585,0 6 11 12 19 23 24 26 31 32 37 39 42 50 51 55 56 62 68 71 73 78 79 81 93 95 98 99 
586,0 5 6 7 11 23 24 31 32 34 37 40 50 54 57 59 73 75 78 79 80 81 85 89 96 98 
587,15 17 20 25 30 34 41 47 49 63 75 80 81 82 84 99 
588,0 5 6 12 15 17 23 25 26 30 31 34 37 47 50 51 58 63 65 71 75 78 82 87 95 99 
589,1 12 15 16 18 22 24 30 35 39 41 43 49 51 53 61 64 65 66 68 74 84 87 89 93 94 95 98 
590,8 30 38 39 41 43 44 49 53 54 63 64 66 68 71 75 77 91 95 98 
591,0 6 16 17 18 19 29 30 31 34 37 39 50 51 53 62 64 66 71 76 78 79 93 99 
592,12 24 26 37 41 47 49 52 61 63 66 67 68 75 80 87 90 95 99 
593,1 3 9 11 15 16 20 22 24 30 34 37 41 44 45 64 66 81 84 89 91 93 
594,12 18 20 26 27 38 41 44 47 52 53 61 64 77 80 84 91 94 
595,3 16 20 26 30 38 39 41 45 48 53 58 66 67 74 84 88 90 91 97 98 
596,14 18 38 41 45 53 64 74 77 91 95 
597,5 9 15 16 18 30 34 41 45 52 54 63 64 73 74 91 93 
598,0 5 6 10 15 16 19 31 33 34 37 45 50 51 53 62 71 78 79 93 94 
599,5 20 26 27 38 41 49 55 56 61 64 67 75 77 80 83 84 87 88 91 92 
600,1 18 20 26 27 30 37 38 41 53 60 61 64 67 68 75 80 81 83 84 91 
601,20 26 27 32 47 48 53 68 77 80 83 84 88 
602,0 3 5 6 16 19 30 33 34 45 46 50 51 55 62 71 74 78 93 
603,15 23 27 29 32 34 38 39 41 63 66 74 84 91 95 96 98 99 
604,5 15 18 23 24 27 32 34 37 38 39 41 47 52 61 63 64 72 80 81 91 95 98 
605,1 5 9 15 20 30 32 34 35 38 39 41 42 45 46 47 49 52 61 65 72 75 80 84 87 91 94 99 
606,3 5 11 12 16 18 20 21 41 49 53 61 63 64 68 74 77 81 84 91 92 95 97 98 99 
607,10 18 25 27 37 39 41 44 45 47 53 64 68 75 80 81 84 95 96 
608,1 3 7 15 18 19 20 32 34 37 41 51 53 61 63 64 81 84 93 
609,5 26 27 30 32 36 38 41 47 61 68 75 77 80 81 82 83 91 
610,7 12 19 43 44 46 49 53 59 61 66 77 84 95 99 
611,3 9 10 15 16 20 26 30 35 39 41 44 45 63 74 75 83 84 88 91 93 95 96 98 
612,0 5 6 15 18 19 23 24 25 30 34 37 47 50 51 52 53 63 64 71 75 78 79 80 82 85 94 96 
613,1 3 16 18 20 21 22 30 41 45 63 64 68 74 84 88 91 93 96 
614,1 4 11 12 18 20 27 30 41 46 49 50 53 54 63 64 66 68 74 77 81 84 95 96 99 
615,3 7 16 19 20 26 37 39 43 45 48 51 63 84 86 88 89 93 
616,0 6 7 23 29 33 34 36 40 47 50 51 54 62 63 65 68 71 75 76 78 79 81 82 95 96 99 
617,3 16 18 20 21 26 30 38 39 41 42 49 52 53 61 64 72 73 74 84 91 93 95 99 
618,8 12 15 17 20 21 24 26 30 34 41 44 47 49 75 80 84 85 87 95 96 99 
619,3 5 7 17 20 27 28 29 37 40 41 44 45 55 61 63 64 71 72 74 76 84 
620,1 5 13 14 16 17 20 28 41 43 45 61 64 66 74 83 84 88 93 
621,0 5 6 11 12 19 23 26 34 37 42 50 51 58 62 77 78 79 85 95 99 
622,3 12 20 22 26 30 38 39 43 49 54 64 67 68 72 74 77 84 86 87 89 91 95 99 
623,1 12 23 26 29 32 36 37 42 44 47 49 52 56 58 59 60 68 76 77 80 94 95 99 
624,1 6 12 14 20 30 35 37 39 41 42 47 49 53 68 70 75 76 80 85 87 95 99 
625,1 3 16 20 22 24 26 30 37 41 45 58 68 74 84 86 88 89 93 97 
626,1 12 18 20 25 26 30 32 39 41 47 49 53 59 64 68 73 75 80 81 84 85 87 92 95 99 
627,5 18 20 25 29 31 42 44 46 47 49 53 59 60 61 63 64 71 72 75 80 84 85 87 89 98 
628,10 18 20 25 26 27 30 53 55 63 64 75 80 82 84 85 87 89 91 
629,5 9 22 26 30 37 38 41 43 44 45 46 58 61 71 74 77 81 84 86 91 95 
630,1 6 7 12 15 18 25 30 41 47 49 51 53 61 63 64 66 70 75 80 84 85 87 88 95 97 
631,5 10 15 16 20 21 23 25 27 30 32 34 35 41 47 49 52 63 74 75 80 84 86 87 88 91 94 
632,0 6 12 19 23 31 32 37 42 50 51 54 62 63 66 68 71 77 78 79 83 85 95 98 99 
633,3 9 10 11 13 15 16 20 22 26 31 33 34 36 49 55 63 74 81 84 89 91 93 96 98 
634,20 25 26 27 30 41 44 47 55 75 80 81 84 91 95 
635,10 20 26 27 37 38 44 47 52 53 61 64 71 75 77 80 81 84 95 96 
636,0 1 3 6 7 9 16 17 19 29 31 33 34 37 45 50 51 62 63 68 71 76 78 79 93 
637,0 3 5 6 7 16 19 37 42 43 45 50 51 55 72 78 81 82 93 
638,8 12 20 22 30 38 41 43 49 54 61 74 77 84 91 95 
639,1 4 12 27 30 39 41 47 49 59 62 63 64 66 68 69 75 77 80 83 84 85 89 98 
640,1 3 16 18 20 26 30 39 44 45 46 57 64 74 84 91 93 94 96 
641,1 9 11 13 18 26 30 39 41 49 55 57 64 68 74 81 89 92 95 96 98 
642,20 21 25 27 37 39 41 47 53 54 55 56 61 63 64 74 80 81 88 94 96 
643,0 6 15 16 17 19 26 30 31 34 37 45 50 51 54 63 71 78 79 81 82 93 
644,1 5 6 18 20 23 41 42 47 49 51 53 55 63 64 68 70 72 75 77 80 84 85 87 91 94 96 98 
645,2 5 12 26 35 38 39 41 42 49 54 72 74 76 77 87 91 95 99 
646,0 1 5 6 19 23 24 26 27 32 37 41 42 47 50 51 62 63 66 68 71 75 78 79 85 87 89 94 98 
647,20 30 38 41 44 47 49 58 61 66 68 71 73 75 80 84 85 87 91 95 99 
648,5 12 16 20 29 30 42 43 44 49 53 61 64 74 83 84 91 93 94 95 
649,0 1 6 9 11 16 17 19 28 29 30 34 37 39 50 51 62 63 64 68 71 73 76 78 79 81 93 95 96 98 
650,1 18 23 26 27 29 38 39 41 48 53 61 64 66 68 74 77 80 82 89 91 95 98 
651,0 5 9 12 19 23 27 34 37 42 47 50 62 64 71 75 78 79 87 95 96 
652,1 6 20 29 30 37 38 41 46 49 52 61 68 70 74 76 77 84 88 92 97 
653,15 17 20 22 25 26 28 34 36 47 49 53 55 61 75 80 84 87 
654,2 7 13 16 18 24 38 41 44 45 49 51 63 64 68 71 73 74 75 77 86 88 91 92 95 99 
655,5 9 15 18 30 32 34 41 42 47 49 61 64 73 75 80 81 95 
656,3 5 7 11 19 20 29 38 42 49 63 68 72 74 77 82 84 87 91 96 
657,11 18 30 38 41 45 49 53 64 74 81 91 92 99 
658,0 6 7 12 15 18 19 23 24 26 30 37 39 42 47 50 51 53 54 62 64 66 75 78 79 85 87 94 95 99 
659,0 1 6 7 19 23 25 27 29 33 39 47 50 66 68 71 73 75 78 79 80 88 89 94 
660,5 11 16 22 30 41 43 46 49 58 61 74 81 82 86 91 93 95 96 98 
661,8 10 15 16 22 26 39 45 46 72 74 81 94 
662,1 11 20 30 37 39 41 43 44 45 49 68 71 77 81 84 89 91 94 
663,10 11 18 26 29 30 38 41 42 49 53 61 63 64 68 72 74 75 77 79 81 91 96 98 
664,10 12 26 27 37 38 41 44 61 66 69 71 76 77 80 85 91 
665,9 16 30 38 39 41 43 44 45 61 66 71 74 88 91 
666,3 13 15 16 20 22 26 30 34 38 41 45 53 55 56 64 72 77 84 88 91 94 95 
667,1 6 7 19 27 29 30 31 33 38 39 41 47 51 52 55 56 62 63 67 69 75 80 85 87 88 89 91 95 96 
668,0 1 6 8 13 19 23 42 50 51 62 66 71 74 77 78 79 95 99 
669,0 5 6 11 19 23 31 34 37 38 39 50 51 52 62 64 66 71 74 77 79 85 96 98 99 
670,1 17 18 28 32 44 45 49 52 53 56 64 67 71 74 
671,20 27 30 32 37 39 41 44 47 54 67 71 75 77 80 84 85 87 88 91 94 97 
672,11 12 15 16 20 30 33 39 41 43 45 49 52 59 64 65 67 69 73 74 84 89 94 95 98 
673,3 15 18 20 24 28 32 36 38 39 41 44 46 53 64 74 77 84 91 
674,14 15 16 22 24 30 37 38 41 43 49 51 53 62 65 66 73 74 75 82 89 91 95 96 98 
675,11 14 15 16 18 21 24 30 34 35 38 39 49 53 57 61 64 74 77 81 91 92 93 94 99 
676,1 5 9 10 13 16 17 30 36 41 45 46 52 54 61 68 72 87 89 93 94 
677,5 10 12 18 30 39 40 41 43 44 45 53 62 64 67 71 72 74 89 95 96 99 
678,5 9 17 18 20 28 29 30 37 39 41 44 54 56 61 64 71 72 74 84 91 93 
679,5 12 16 18 21 30 38 41 44 45 53 61 64 69 72 84 89 91 93 95 
680,1 3 16 26 30 41 49 53 61 63 74 91 93 94 99 
681,5 12 18 20 25 30 41 44 45 47 49 53 54 61 63 64 66 68 71 75 80 81 84 90 91 95 
682,1 7 17 19 23 27 30 32 38 41 47 49 54 61 66 68 75 79 80 84 85 91 97 98 
683,1 9 16 19 21 26 27 29 35 41 45 48 49 51 54 56 61 63 68 76 86 88 93 
684,8 12 17 18 38 39 47 49 51 53 55 57 61 63 64 68 75 80 81 91 94 95 
685,3 16 20 30 39 41 43 45 53 54 61 63 68 72 74 84 89 91 92 93 96 
686,1 18 20 30 37 38 41 42 47 49 51 53 55 64 67 73 80 84 89 91 95 98 
687,0 6 7 12 14 19 23 26 29 32 34 37 42 51 53 54 58 76 77 78 79 82 85 86 
688,10 11 15 16 29 35 37 39 45 53 62 77 81 88 91 95 97 
689,3 18 24 26 30 38 41 43 44 49 53 55 58 64 66 67 68 71 74 77 84 89 91 94 95 98 
690,11 32 38 44 49 51 52 54 71 73 74 77 85 91 98 
691,6 20 27 30 37 41 47 50 61 66 75 80 81 84 85 89 90 91 94 
692,10 12 18 23 26 27 30 39 41 44 46 47 53 56 63 64 67 71 77 80 82 91 98 
693,1 17 18 26 30 32 47 49 53 60 64 75 80 81 86 99 
694,1 8 20 24 27 30 41 43 47 49 61 68 73 75 80 84 87 99 
695,0 1 6 7 19 23 26 27 29 31 34 37 39 47 50 51 62 66 71 75 76 78 79 83 85 87 90 
696,0 6 7 12 19 23 25 27 31 37 46 47 50 51 55 62 68 69 71 73 75 78 79 83 85 90 95 98 
697,0 1 6 7 14 15 16 19 23 31 34 37 50 51 62 71 77 78 79 94 95 99 
698,20 24 25 27 28 32 33 46 47 61 73 80 81 82 84 91 94 
699,12 13 15 16 22 26 30 34 41 46 49 61 65 66 67 74 91 93 94 95 99 
700,0 15 17 19 23 25 30 34 37 39 47 50 51 63 66 71 73 75 78 79 82 85 95 97 98 
701,8 16 26 39 40 41 49 58 68 73 74 90 91 93 95 99 
702,1 8 9 12 20 23 26 38 39 47 49 68 73 75 80 81 82 83 84 88 89 91 95 96 97 98 
703,3 6 11 18 20 29 30 39 41 42 49 56 64 70 72 74 81 84 94 95 96 99 
704,15 18 29 30 39 41 45 53 63 64 68 74 77 84 94 
705,5 12 14 20 27 32 41 42 47 49 61 75 80 84 87 91 95 99 
706,5 12 15 23 27 29 30 35 38 39 41 44 47 50 53 54 64 71 72 75 77 80 81 82 85 89 91 94 98 99 
707,4 27 32 38 40 41 47 58 61 75 77 80 82 84 87 91 
708,0 5 6 21 23 26 27 32 37 39 40 47 50 51 55 65 71 72 75 78 79 81 85 96 
709,8 12 18 23 25 26 32 38 41 47 49 52 53 60 61 64 66 73 75 80 81 90 91 95 98 99 
710,1 19 26 37 39 41 49 51 52 61 64 66 68 71 75 80 86 87 89 91 95 99 
711,12 27 41 44 47 51 53 56 63 64 68 75 80 81 88 95 98 
712,3 5 7 11 15 16 18 20 30 34 39 41 42 49 51 52 53 54 61 62 64 73 74 76 81 84 95 
713,10 12 15 18 30 35 41 47 49 53 56 58 61 64 66 73 75 80 89 91 94 95 98 
714,1 15 17 20 21 27 28 32 37 38 41 46 47 55 63 64 68 74 75 80 84 85 87 88 91 
715,1 26 32 41 44 46 66 71 74 77 82 88 
716,1 9 16 20 30 41 43 45 47 49 50 52 61 68 74 76 84 92 93 96 
717,1 26 30 31 32 39 41 47 48 49 61 68 72 75 80 85 87 89 94 98 
718,0 5 6 7 9 19 21 23 25 27 30 31 34 37 47 50 51 63 68 71 74 75 78 79 81 82 95 
719,3 15 23 27 35 38 41 44 53 71 74 75 80 87 91 94 95 96 98 
720,0 6 17 19 23 26 27 34 37 46 50 51 55 62 66 71 75 77 79 87 
721,20 23 30 32 44 47 49 53 55 61 63 68 73 75 80 84 85 87 98 
722,7 14 15 26 27 30 32 41 45 47 49 51 53 61 66 75 80 84 85 87 89 98 
723,0 5 6 18 19 23 24 25 26 27 30 31 32 34 50 51 52 53 64 66 78 80 82 85 
724,3 12 20 26 30 36 41 55 61 63 68 74 77 81 83 84 94 96 99 
725,7 20 30 38 39 41 43 45 50 51 54 64 81 82 84 89 91 96 98 
726,15 18 20 25 30 34 35 41 47 49 61 62 64 65 66 75 80 81 84 90 94 98 
727,1 7 8 20 21 27 30 36 39 41 46 47 49 51 60 61 63 73 75 80 84 87 89 91 94 98 
728,0 7 18 29 33 38 41 43 44 45 49 53 56 64 67 71 72 79 88 89 90 91 94 96 98 
729,0 1 6 7 9 19 23 33 34 37 47 50 51 62 66 68 75 78 81 98 
730,18 26 30 41 45 52 61 64 67 68 79 90 94 
731,1 11 15 16 18 21 28 39 41 49 61 64 72 74 77 81 91 97 98 
732,0 6 7 23 27 37 39 45 47 50 52 53 54 67 75 78 81 82 85 95 96 98 
733,0 6 10 19 23 31 32 37 42 50 51 54 58 66 68 71 78 79 85 98 
734,1 14 20 26 27 35 41 44 46 47 48 52 67 75 77 80 84 87 
735,12 13 23 25 26 27 30 41 49 52 61 62 64 73 75 80 81 83 89 91 94 95 98 
736,1 8 22 44 48 49 55 69 74 77 87 94 98 
737,1 7 20 21 28 32 38 39 51 61 68 74 77 84 88 91 
738,1 12 13 15 20 24 26 30 38 39 41 44 48 49 56 61 66 68 75 80 82 84 85 86 87 91 94 95 99 
739,0 1 6 12 17 19 23 26 30 32 33 34 38 39 47 48 50 51 62 68 71 75 76 78 80 83 87 92 95 98 
740,5 17 18 20 29 36 41 42 44 47 49 53 54 56 63 64 68 71 75 77 80 81 84 85 91 98 
741,4 12 18 26 30 41 47 49 53 55 59 64 80 81 95 99 
742,0 2 6 19 23 34 37 45 50 51 53 54 56 62 76 77 78 79 81 95 
743,9 15 24 25 27 35 39 41 44 47 52 56 63 66 68 71 75 80 81 88 91 96 
744,5 6 10 11 17 23 24 26 27 29 30 38 40 41 47 50 51 55 56 75 80 81 90 91 98 
745,5 7 15 20 29 30 34 38 39 41 47 49 50 51 57 72 76 77 80 81 84 85 91 96 97 98 
746,12 24 30 39 41 47 49 61 66 75 79 80 83 87 95 96 
747,1 11 20 26 30 41 43 48 49 54 58 68 74 77 81 84 95 97 99 
748,0 6 12 18 19 23 25 30 34 37 42 47 50 51 53 54 56 58 62 64 71 75 78 79 81 85 87 95 99 
749,10 11 15 16 17 34 35 41 43 45 49 63 66 69 73 74 81 93 94 99 
750,8 11 23 27 29 41 44 47 63 71 80 81 85 89 98 99 
751,1 12 23 25 30 32 41 46 49 63 68 74 79 80 85 91 93 95 98 
752,1 3 5 7 19 20 24 36 37 39 49 51 53 61 64 72 73 77 84 85 88 91 93 97 98 
753,6 10 12 13 26 31 32 36 38 41 46 49 52 59 60 61 62 66 68 69 70 75 80 83 87 89 91 95 98 
754,1 5 6 14 17 20 30 39 41 42 46 47 49 52 53 56 61 63 64 68 70 72 73 75 80 84 89 90 95 96 98 
755,0 6 11 12 19 23 24 37 38 39 50 51 53 55 63 66 68 71 74 77 78 79 82 85 89 98 
756,12 15 20 23 26 30 34 36 38 41 47 49 61 75 80 81 83 84 91 95 98 
757,8 9 12 13 16 30 41 48 49 56 66 74 82 93 95 99 
758,0 15 21 22 26 27 30 34 39 41 47 56 68 75 80 81 88 91 95 96 
759,1 9 11 12 13 22 41 44 49 54 58 61 68 74 77 81 95 99 
760,0 19 23 25 26 27 34 37 39 42 50 51 52 53 58 67 71 75 78 79 82 83 85 
761,5 27 37 41 46 47 52 72 75 80 84 87 96 
762,0 6 23 26 27 32 40 42 50 51 52 58 62 65 66 71 75 78 79 82 85 87 
763,5 12 13 18 26 30 38 39 41 44 49 53 64 69 71 72 75 80 87 88 89 91 95 98 
764,1 3 4 5 15 16 20 30 35 39 41 46 49 50 52 53 61 77 84 88 91 94 97 98 
765,8 18 20 25 27 30 37 39 41 47 55 56 61 63 64 75 80 81 84 88 94 97 
766,7 12 14 15 23 27 29 34 39 47 49 63 68 69 75 77 80 82 83 85 87 88 91 94 95 96 
767,5 13 15 20 30 35 37 41 42 46 49 53 61 72 74 75 83 94 95 98 
768,0 11 16 18 19 34 37 43 50 51 53 57 64 66 71 81 84 93 95 96 97 98 
769,5 20 22 26 27 28 32 44 46 47 53 55 59 72 75 80 84 87 99 
770,3 8 11 15 20 28 30 36 38 39 41 43 49 53 55 61 62 64 74 77 84 86 87 89 91 98 
771,3 6 11 20 29 30 39 41 43 44 49 60 70 71 74 81 84 95 99 
772,0 6 7 16 21 34 37 40 42 43 45 50 51 62 63 65 68 74 78 79 82 93 
773,2 8 12 13 24 26 49 54 62 68 73 75 77 80 83 87 89 95 98 
774,1 13 14 15 16 26 30 34 36 38 41 43 49 58 65 68 74 77 86 87 89 91 94 98 99 
775,11 12 15 16 30 34 35 39 41 45 46 49 53 61 76 81 88 92 93 94 95 97 99 
776,20 27 30 37 38 39 41 45 47 52 53 55 61 63 68 70 75 80 84 85 87 88 91 94 96 
777,5 11 18 20 22 26 30 37 42 43 44 49 53 54 64 71 72 74 77 81 82 84 89 91 94 96 98 
778,1 5 17 23 25 30 39 41 42 47 49 50 61 63 68 72 75 80 81 89 90 91 98 
779,0 6 7 19 23 26 29 31 32 34 37 39 48 58 63 65 66 71 75 76 78 79 87 
780,5 13 26 27 32 45 46 49 66 75 80 87 95 99 
781,1 5 12 17 18 23 24 30 38 41 42 47 49 53 54 58 64 68 72 75 80 81 82 83 85 91 95 98 
782,7 12 15 20 24 28 34 37 38 39 41 47 49 61 64 72 75 80 82 84 85 86 87 91 94 95 99 
783,21 23 24 27 29 38 41 44 47 58 63 66 68 75 76 80 81 85 88 91 94 96 97 98 
784,10 12 26 28 32 35 36 38 47 49 53 75 80 81 83 85 87 91 95 99 
785,14 18 19 25 27 30 36 39 41 48 51 53 64 73 75 80 81 91 94 98 
786,5 12 18 21 26 38 41 42 43 49 53 56 64 72 74 83 91 94 95 98 
787,1 5 12 18 25 26 30 31 37 39 41 44 47 49 53 56 63 64 71 75 80 81 91 95 98 
788,1 5 14 15 18 25 29 30 32 35 41 42 47 49 53 64 67 75 80 83 87 89 91 94 95 96 98 
789,4 5 7 11 18 20 30 38 39 41 43 45 49 50 51 53 62 64 67 72 79 82 84 89 91 95 96 97 98 99 
790,0 6 7 9 16 17 19 30 34 40 41 46 50 51 57 67 69 71 74 79 82 93 95 98 
791,8 12 15 20 26 27 30 35 38 41 47 48 49 54 61 68 75 80 83 84 86 88 91 92 94 95 99 
792,26 27 30 32 38 41 47 49 52 58 61 67 70 75 77 79 80 87 91 
793,1 12 16 29 30 38 41 44 45 66 68 71 74 77 81 88 91 93 94 95 
794,0 6 10 11 18 19 30 38 43 50 51 53 56 71 74 75 78 79 82 83 89 95 96 98 
795,5 9 12 13 20 25 26 41 42 43 47 49 61 72 75 80 84 85 86 87 95 99 
796,1 16 22 30 36 41 44 45 49 56 57 59 63 64 81 88 91 93 96 97 
797,2 7 12 13 16 18 22 41 43 49 51 53 56 58 61 64 73 77 87 91 95 97 99 
798,1 5 20 25 27 30 32 39 41 44 47 49 52 53 61 64 68 71 72 75 80 84 85 87 89 90 91 98 
799,3 5 11 18 20 22 30 37 38 41 42 49 52 53 57 64 72 77 81 84 91 92 95 99 
